{"Val loss": 241.3768310546875, "Val rouge1_f": 0.2139202356338501, "Val rouge2_f": 0.05382169038057327, "Val rougeL_f": 0.20222598314285278, "Val rouge1_p": 0.3048856854438782, "Val rouge2_p": 0.07905524969100952, "Val rougeL_p": 0.2885265648365021, "Val rouge1_r": 0.1749432384967804, "Val rouge2_r": 0.044188372790813446, "Val rougeL_r": 0.1652802973985672, "Val BERT Score": 0.8446293119156715, "_timestamp": 1671069392.706408, "_runtime": 437.9838421344757, "_step": 100, "_wandb": {"runtime": 437}}