{"Val loss": 521.702880859375, "Val rouge1_f": 0.16452233493328094, "Val rouge2_f": 0.042838096618652344, "Val rougeL_f": 0.14878232777118683, "Val rouge1_p": 0.22519280016422272, "Val rouge2_p": 0.05812738835811615, "Val rougeL_p": 0.20438985526561737, "Val rouge1_r": 0.13689519464969635, "Val rouge2_r": 0.036013394594192505, "Val rougeL_r": 0.1236095055937767, "Val BERT Score": 0.7387521665285129, "_timestamp": 1670674296.6136491, "_runtime": 591.733588218689, "_step": 100, "_wandb": {"runtime": 591}}