{"Val loss": 948.5751953125, "Val rouge1_f": 0.006529234815388918, "Val rouge2_f": 0.0014893979532644153, "Val rougeL_f": 0.006381459068506956, "Val rouge1_p": 0.015173678286373615, "Val rouge2_p": 0.003548856358975172, "Val rougeL_p": 0.014792870730161667, "Val rouge1_r": 0.004534618929028511, "Val rouge2_r": 0.000969177286606282, "Val rougeL_r": 0.004442943260073662, "Val BERT Score": 0.7189666206883912, "_timestamp": 1670906757.1219544, "_runtime": 610.0829265117645, "_step": 100, "_wandb": {"runtime": 609}}