{"Val loss": 506.9615783691406, "Val rouge1_f": 0.1376781016588211, "Val rouge2_f": 0.020781682804226875, "Val rougeL_f": 0.11078131198883057, "Val rouge1_p": 0.15315411984920502, "Val rouge2_p": 0.021155524998903275, "Val rougeL_p": 0.12248148024082184, "Val rouge1_r": 0.12823010981082916, "Val rouge2_r": 0.021039921790361404, "Val rougeL_r": 0.1038224846124649, "Val BERT Score": 0.7186417199007356, "_timestamp": 1670618236.3858905, "_runtime": 569.6621334552765, "_step": 100, "_wandb": {"runtime": 569}}