{"Val loss": 80.36283874511719, "Val LR": 1.6222228577111903e-11, "_timestamp": 1670642172.0495775, "_runtime": 20353.203689575195, "_step": 4000, "Val rouge1_f": 0.17886915802955627, "Val rouge2_f": 0.04582161083817482, "Val rougeL_f": 0.16254758834838867, "Val rouge1_p": 0.21294839680194855, "Val rouge2_p": 0.05353064462542534, "Val rougeL_p": 0.1937694251537323, "Val rouge1_r": 0.16802141070365906, "Val rouge2_r": 0.043590594083070755, "Val rougeL_r": 0.1531541794538498, "_wandb": {"runtime": 20362}}