{"loss": 301.7489929199219, "LR": 1.0000000000000052e-05, "_timestamp": 1666719803.66306, "_runtime": 80.87933397293091, "_step": 100, "_wandb": {"runtime": 169}}