{"Val loss": 150.92042541503906, "Val rouge1_f": 0.35679128766059875, "Val rouge2_f": 0.1546904742717743, "Val rougeL_f": 0.292948842048645, "Val rouge1_p": 0.3789139688014984, "Val rouge2_p": 0.16226297616958618, "Val rougeL_p": 0.3099488615989685, "Val rouge1_r": 0.3504672944545746, "Val rouge2_r": 0.1547350436449051, "Val rougeL_r": 0.28889188170433044, "Val BERT Score": 0.9098847399253657, "_timestamp": 1671070719.6924233, "_runtime": 246.85406923294067, "_step": 100, "_wandb": {"runtime": 246}}