{"Val loss": 483.3821105957031, "Val rouge1_f": 0.14328792691230774, "Val rouge2_f": 0.019901106134057045, "Val rougeL_f": 0.12228510528802872, "Val rouge1_p": 0.14741463959217072, "Val rouge2_p": 0.01778649352490902, "Val rougeL_p": 0.12563274800777435, "Val rouge1_r": 0.144003763794899, "Val rouge2_r": 0.023417118936777115, "Val rougeL_r": 0.12309140712022781, "Val BERT Score": 0.7146546412812601, "_timestamp": 1670621775.598174, "_runtime": 2350.410448074341, "_step": 100, "_wandb": {"runtime": 2350}}