{"Val loss": 90.93366241455078, "Val LR": 1.6222228577111903e-11, "_timestamp": 1670480586.4696426, "_runtime": 12764.74027466774, "_step": 4000, "Val rouge1_f": 0.12271158397197723, "Val rouge2_f": 0.016060182824730873, "Val rougeL_f": 0.10845329612493515, "Val rouge1_p": 0.16679386794567108, "Val rouge2_p": 0.020694978535175323, "Val rougeL_p": 0.14803782105445862, "Val rouge1_r": 0.10411808639764786, "Val rouge2_r": 0.01400737278163433, "Val rougeL_r": 0.09206581860780716, "_wandb": {"runtime": 12772}}