{"loss": 121.90226745605469, "LR": 8.892014211394125e-06, "_timestamp": 1666716925.7266276, "_runtime": 7508.8108015060425, "_step": 4400, "_wandb": {"runtime": 7589}}