{"Val loss": 78.48198699951172, "Val LR": 1.6222228577111903e-11, "_timestamp": 1670452751.24428, "_runtime": 20243.771889209747, "_step": 4000, "Val rouge1_f": 0.15375888347625732, "Val rouge2_f": 0.03035290539264679, "Val rougeL_f": 0.13911688327789307, "Val rouge1_p": 0.19072619080543518, "Val rouge2_p": 0.035884276032447815, "Val rougeL_p": 0.17229671776294708, "Val rouge1_r": 0.1388251930475235, "Val rouge2_r": 0.02849896252155304, "Val rougeL_r": 0.12611111998558044, "_wandb": {"runtime": 20253}}