{"Val loss": 491.3214416503906, "Val rouge1_f": 0.19651295244693756, "Val rouge2_f": 0.05066832900047302, "Val rougeL_f": 0.18011821806430817, "Val rouge1_p": 0.2383449226617813, "Val rouge2_p": 0.06192515790462494, "Val rougeL_p": 0.21862158179283142, "Val rouge1_r": 0.17744289338588715, "Val rouge2_r": 0.045861225575208664, "Val rougeL_r": 0.16264358162879944, "Val BERT Score": 0.7263822369646318, "_timestamp": 1670673646.4992359, "_runtime": 1117.2028977870941, "_step": 100, "_wandb": {"runtime": 1116}}