{"Val loss": 499.0947265625, "Val rouge1_f": 0.1489720493555069, "Val rouge2_f": 0.032864972949028015, "Val rougeL_f": 0.13532239198684692, "Val rouge1_p": 0.1925552785396576, "Val rouge2_p": 0.042241331189870834, "Val rougeL_p": 0.1753576248884201, "Val rouge1_r": 0.13191036880016327, "Val rouge2_r": 0.030154166743159294, "Val rougeL_r": 0.11973271518945694, "Val BERT Score": 0.7201647823399836, "_timestamp": 1670616940.6567323, "_runtime": 1109.8918993473053, "_step": 100, "_wandb": {"runtime": 1109}}