{"loss": 137.5205860733986, "LR": 6.834904537900139e-11, "_timestamp": 1670913153.1878684, "_runtime": 6357.384122371674, "_step": 2000, "Val loss": 28.37701416015625, "Val rouge1_f": 0.3622440695762634, "Val rouge2_f": 0.1488025039434433, "Val rougeL_f": 0.3111409544944763, "Val rouge1_p": 0.37820225954055786, "Val rouge2_p": 0.1566406935453415, "Val rougeL_p": 0.3248913884162903, "Val rouge1_r": 0.3563510775566101, "Val rouge2_r": 0.14604990184307098, "Val rougeL_r": 0.3060557246208191, "_wandb": {"runtime": 6363}}