{"loss": 310.2047119140625, "LR": 1.0000000000000052e-05, "_timestamp": 1666719651.1649096, "_runtime": 81.66770458221436, "_step": 100, "_wandb": {"runtime": 124}}