{"Val loss": 1129.796630859375, "Val rouge1_f": 0.009529603645205498, "Val rouge2_f": 0.000669302826281637, "Val rougeL_f": 0.008614775724709034, "Val rouge1_p": 0.013451078906655312, "Val rouge2_p": 0.0005976647953502834, "Val rougeL_p": 0.0126497158780694, "Val rouge1_r": 0.010319191962480545, "Val rouge2_r": 0.0009027347550727427, "Val rougeL_r": 0.009123227559030056, "Val BERT Score": 0.7304292784468962, "_timestamp": 1670924423.534222, "_runtime": 959.850418806076, "_step": 100, "_wandb": {"runtime": 959}}