{"Val loss": 39.08094787597656, "Val LR": 6.834904537900139e-11, "_timestamp": 1670902576.9478087, "_runtime": 6589.034153699875, "_step": 2000, "Val rouge1_f": 0.22552251815795898, "Val rouge2_f": 0.05264706164598465, "Val rougeL_f": 0.20817811787128448, "Val rouge1_p": 0.317621648311615, "Val rouge2_p": 0.07470177114009857, "Val rougeL_p": 0.29370900988578796, "Val rouge1_r": 0.1858605593442917, "Val rouge2_r": 0.043377600610256195, "Val rougeL_r": 0.17157383263111115, "_wandb": {"runtime": 6597}}