{"Val loss": 178.25802612304688, "Val rouge1_f": 0.3644377887248993, "Val rouge2_f": 0.1634279191493988, "Val rougeL_f": 0.3439515233039856, "Val rouge1_p": 0.4049801826477051, "Val rouge2_p": 0.18149402737617493, "Val rougeL_p": 0.38170427083969116, "Val rouge1_r": 0.35851651430130005, "Val rouge2_r": 0.16393639147281647, "Val rougeL_r": 0.33886101841926575, "Val BERT Score": 0.8738859587966805, "_timestamp": 1670872598.3472834, "_runtime": 431.1190073490143, "_step": 100, "_wandb": {"runtime": 430}}