{"Val loss": 484.73974609375, "Val rouge1_f": 0.17662237584590912, "Val rouge2_f": 0.04161848500370979, "Val rougeL_f": 0.16057994961738586, "Val rouge1_p": 0.21801631152629852, "Val rouge2_p": 0.05067242681980133, "Val rougeL_p": 0.1982438862323761, "Val rouge1_r": 0.1570243090391159, "Val rouge2_r": 0.03775707259774208, "Val rougeL_r": 0.14273571968078613, "Val BERT Score": 0.7241341212008259, "_timestamp": 1670615768.6771448, "_runtime": 2398.676561832428, "_step": 100, "_wandb": {"runtime": 2398}}