{"Val loss": 165.50924682617188, "Val rouge1_f": 0.3307153582572937, "Val rouge2_f": 0.14171813428401947, "Val rougeL_f": 0.2794511020183563, "Val rouge1_p": 0.35542476177215576, "Val rouge2_p": 0.15349093079566956, "Val rougeL_p": 0.30038654804229736, "Val rouge1_r": 0.32025712728500366, "Val rouge2_r": 0.13806627690792084, "Val rougeL_r": 0.27068719267845154, "Val BERT Score": 0.9037758041136336, "_timestamp": 1667500537.2488744, "_runtime": 167.30449748039246, "_step": 100, "_wandb": {"runtime": 156}}