{"Val loss": 1168.0133056640625, "Val rouge1_f": 0.0040350970812141895, "Val rouge2_f": 0.0, "Val rougeL_f": 0.0040350970812141895, "Val rouge1_p": 0.004507301840931177, "Val rouge2_p": 0.0, "Val rougeL_p": 0.004507301840931177, "Val rouge1_r": 0.0038955104537308216, "Val rouge2_r": 0.0, "Val rougeL_r": 0.0038955104537308216, "Val BERT Score": 0.7333006658176384, "_timestamp": 1670923404.5752778, "_runtime": 494.1361548900604, "_step": 100, "_wandb": {"runtime": 493}}