{"Val loss": 251.45802307128906, "Val rouge1_f": 0.2110561728477478, "Val rouge2_f": 0.06406133621931076, "Val rougeL_f": 0.18687637150287628, "Val rouge1_p": 0.28069600462913513, "Val rouge2_p": 0.08713287115097046, "Val rougeL_p": 0.2479160726070404, "Val rouge1_r": 0.18146654963493347, "Val rouge2_r": 0.054937101900577545, "Val rougeL_r": 0.16096340119838715, "Val BERT Score": 0.8675966315930432, "_timestamp": 1667498971.714613, "_runtime": 225.16051197052002, "_step": 100, "_wandb": {"runtime": 224}}