{"Val loss": 1088.86669921875, "Val rouge1_f": 0.014883367344737053, "Val rouge2_f": 0.0004706229956354946, "Val rougeL_f": 0.014037702232599258, "Val rouge1_p": 0.01823778823018074, "Val rouge2_p": 0.00028107428806833923, "Val rougeL_p": 0.017635101452469826, "Val rouge1_r": 0.020030658692121506, "Val rouge2_r": 0.0014695220161229372, "Val rougeL_r": 0.018577486276626587, "Val BERT Score": 0.7275284508077224, "_timestamp": 1670926539.941765, "_runtime": 2056.962860107422, "_step": 100, "_wandb": {"runtime": 2056}}