{"Val loss": 32.55403518676758, "Val LR": 1.6222228577111903e-11, "_timestamp": 1670888605.3081656, "_runtime": 15354.683930635452, "_step": 4000, "Val rouge1_f": 0.308056116104126, "Val rouge2_f": 0.12216351181268692, "Val rougeL_f": 0.28813663125038147, "Val rouge1_p": 0.3568943440914154, "Val rouge2_p": 0.14004084467887878, "Val rougeL_p": 0.3337796628475189, "Val rouge1_r": 0.29510101675987244, "Val rouge2_r": 0.12240072339773178, "Val rougeL_r": 0.2765640616416931, "_wandb": {"runtime": 15362}}