{"Val loss": 542.9910888671875, "Val rouge1_f": 0.122842937707901, "Val rouge2_f": 0.019255006685853004, "Val rougeL_f": 0.11047224700450897, "Val rouge1_p": 0.17330902814865112, "Val rouge2_p": 0.027870018035173416, "Val rougeL_p": 0.1564895361661911, "Val rouge1_r": 0.10100969672203064, "Val rouge2_r": 0.01587219163775444, "Val rougeL_r": 0.09070029109716415, "Val BERT Score": 0.7343264065756656, "_timestamp": 1670617606.639081, "_runtime": 596.58837890625, "_step": 100, "_wandb": {"runtime": 596}}