{"Val loss": 79.50192260742188, "Val LR": 1.6222228577111903e-11, "_timestamp": 1670657204.9341376, "_runtime": 14982.962264537811, "_step": 4000, "Val rouge1_f": 0.19468413293361664, "Val rouge2_f": 0.045281749218702316, "Val rougeL_f": 0.17592573165893555, "Val rouge1_p": 0.2412608414888382, "Val rouge2_p": 0.056643467396497726, "Val rougeL_p": 0.21830299496650696, "Val rouge1_r": 0.17544038593769073, "Val rouge2_r": 0.04138968512415886, "Val rougeL_r": 0.15840598940849304, "_wandb": {"runtime": 14990}}