{"Val loss": 91.53472900390625, "Val LR": 1.6222228577111903e-11, "_timestamp": 1670467768.872592, "_runtime": 14969.951652050018, "_step": 4000, "Val rouge1_f": 0.16365137696266174, "Val rouge2_f": 0.03728192299604416, "Val rougeL_f": 0.1454823762178421, "Val rouge1_p": 0.2224927395582199, "Val rouge2_p": 0.05077074095606804, "Val rougeL_p": 0.1971186250448227, "Val rouge1_r": 0.1358279138803482, "Val rouge2_r": 0.030895819887518883, "Val rougeL_r": 0.12100418657064438, "_wandb": {"runtime": 14978}}