{"Val loss": 146.20213317871094, "Val rouge1_f": 0.37999242544174194, "Val rouge2_f": 0.16766849160194397, "Val rougeL_f": 0.31978702545166016, "Val rouge1_p": 0.41243159770965576, "Val rouge2_p": 0.18388618528842926, "Val rougeL_p": 0.34679973125457764, "Val rouge1_r": 0.3630075752735138, "Val rouge2_r": 0.15954619646072388, "Val rougeL_r": 0.30585601925849915, "Val BERT Score": 0.9151093136556078, "_timestamp": 1671070414.181986, "_runtime": 224.8295841217041, "_step": 100, "_wandb": {"runtime": 224}}