{"loss": 148.62576907873154, "LR": 6.834904537900139e-11, "_timestamp": 1670922859.8271317, "_runtime": 4315.844264745712, "_step": 2000, "Val loss": 28.550634384155273, "Val rouge1_f": 0.31011250615119934, "Val rouge2_f": 0.1221647635102272, "Val rougeL_f": 0.2544742524623871, "Val rouge1_p": 0.34648242592811584, "Val rouge2_p": 0.1387740820646286, "Val rougeL_p": 0.28367382287979126, "Val rouge1_r": 0.2907070219516754, "Val rouge2_r": 0.11290768533945084, "Val rougeL_r": 0.239134281873703, "_wandb": {"runtime": 4322}}