{"Val loss": 212.7893829345703, "Val rouge1_f": 0.24665993452072144, "Val rouge2_f": 0.0689491480588913, "Val rougeL_f": 0.2290983349084854, "Val rouge1_p": 0.33843305706977844, "Val rouge2_p": 0.09662491083145142, "Val rougeL_p": 0.3147042989730835, "Val rouge1_r": 0.2076830416917801, "Val rouge2_r": 0.05854880437254906, "Val rougeL_r": 0.1929090917110443, "Val BERT Score": 0.8510997318985438, "_timestamp": 1671068874.810938, "_runtime": 552.1018347740173, "_step": 100, "_wandb": {"runtime": 551}}