{"Val loss": 463.7196350097656, "Val rouge1_f": 0.20107007026672363, "Val rouge2_f": 0.05290837213397026, "Val rougeL_f": 0.18175551295280457, "Val rouge1_p": 0.2340776026248932, "Val rouge2_p": 0.061077192425727844, "Val rougeL_p": 0.21141110360622406, "Val rouge1_r": 0.18501082062721252, "Val rouge2_r": 0.049483902752399445, "Val rougeL_r": 0.1673196256160736, "Val BERT Score": 0.725308086022292, "_timestamp": 1670672463.4963064, "_runtime": 2387.9755454063416, "_step": 100, "_wandb": {"runtime": 2387}}