{"Val loss": 144.5582275390625, "Val rouge1_f": 0.37725207209587097, "Val rouge2_f": 0.17045488953590393, "Val rougeL_f": 0.3200714886188507, "Val rouge1_p": 0.400339812040329, "Val rouge2_p": 0.18221458792686462, "Val rougeL_p": 0.33875760436058044, "Val rouge1_r": 0.36777812242507935, "Val rouge2_r": 0.16569145023822784, "Val rougeL_r": 0.312639981508255, "Val BERT Score": 0.9157585911821611, "_timestamp": 1667500314.2715166, "_runtime": 178.43582558631897, "_step": 100, "_wandb": {"runtime": 178}}