{"Val loss": 133.0840301513672, "Val rouge1_f": 0.4037255346775055, "Val rouge2_f": 0.19140300154685974, "Val rougeL_f": 0.3454698622226715, "Val rouge1_p": 0.4407496750354767, "Val rouge2_p": 0.20971094071865082, "Val rougeL_p": 0.37742432951927185, "Val rouge1_r": 0.381776362657547, "Val rouge2_r": 0.18150694668293, "Val rougeL_r": 0.3266555964946747, "Val BERT Score": 0.9210424207814849, "_timestamp": 1667500068.3085532, "_runtime": 239.8673551082611, "_step": 100, "_wandb": {"runtime": 239}}