{"loss": 408.9417724609375, "LR": 9.99938934607891e-06, "_timestamp": 1666717406.5068564, "_runtime": 362.95204639434814, "_step": 200, "_wandb": {"runtime": 380}}