{"Val loss": 200.05892944335938, "Val rouge1_f": 0.3011339604854584, "Val rouge2_f": 0.10201434046030045, "Val rougeL_f": 0.2828400135040283, "Val rouge1_p": 0.35865816473960876, "Val rouge2_p": 0.12017087638378143, "Val rougeL_p": 0.3366953730583191, "Val rouge1_r": 0.27578362822532654, "Val rouge2_r": 0.09551399201154709, "Val rougeL_r": 0.2592823803424835, "Val BERT Score": 0.8631632124433423, "_timestamp": 1671068248.795604, "_runtime": 522.8271520137787, "_step": 100, "_wandb": {"runtime": 522}}