{"Val loss": 904.7388305664062, "Val rouge1_f": 0.016368703916668892, "Val rouge2_f": 0.0018488680943846703, "Val rougeL_f": 0.016162831336259842, "Val rouge1_p": 0.027052728459239006, "Val rouge2_p": 0.003410325851291418, "Val rougeL_p": 0.026703692972660065, "Val rouge1_r": 0.013299377635121346, "Val rouge2_r": 0.0015043722232803702, "Val rougeL_r": 0.013145038858056068, "Val BERT Score": 0.7172481656664669, "_timestamp": 1670906086.2198968, "_runtime": 1107.920602798462, "_step": 100, "_wandb": {"runtime": 1107}}