{"Val loss": 38.38139343261719, "Val LR": 6.834904537900139e-11, "_timestamp": 1670895940.4573739, "_runtime": 7275.829031944275, "_step": 2000, "Val rouge1_f": 0.2624253034591675, "Val rouge2_f": 0.09285105764865875, "Val rougeL_f": 0.24730071425437927, "Val rouge1_p": 0.348463773727417, "Val rouge2_p": 0.12319125980138779, "Val rougeL_p": 0.3286448121070862, "Val rouge1_r": 0.22210893034934998, "Val rouge2_r": 0.07875782251358032, "Val rougeL_r": 0.2094603031873703, "_wandb": {"runtime": 7284}}