{"loss": 146.6844237446785, "LR": 6.834904537900139e-11, "_timestamp": 1670918490.1714466, "_runtime": 5294.349440574646, "_step": 2000, "Val loss": 27.73672103881836, "Val rouge1_f": 0.3560340702533722, "Val rouge2_f": 0.1610144078731537, "Val rougeL_f": 0.3054884374141693, "Val rouge1_p": 0.4049459993839264, "Val rouge2_p": 0.18461021780967712, "Val rougeL_p": 0.3470047414302826, "Val rouge1_r": 0.3264489769935608, "Val rouge2_r": 0.14732004702091217, "Val rougeL_r": 0.2801727056503296, "_wandb": {"runtime": 5301}}