{"Val loss": 233.4510040283203, "Val rouge1_f": 0.21943563222885132, "Val rouge2_f": 0.0685974657535553, "Val rougeL_f": 0.19534985721111298, "Val rouge1_p": 0.2852964997291565, "Val rouge2_p": 0.09197542816400528, "Val rougeL_p": 0.25186046957969666, "Val rouge1_r": 0.19076205790042877, "Val rouge2_r": 0.05925503745675087, "Val rougeL_r": 0.17037922143936157, "Val BERT Score": 0.8687379003161251, "_timestamp": 1667498667.9939268, "_runtime": 340.138445854187, "_step": 100, "_wandb": {"runtime": 339}}