{"Val loss": 892.8160400390625, "Val rouge1_f": 0.0455552376806736, "Val rouge2_f": 0.008098493330180645, "Val rougeL_f": 0.04334261268377304, "Val rouge1_p": 0.061459220945835114, "Val rouge2_p": 0.01044113002717495, "Val rougeL_p": 0.05914970487356186, "Val rouge1_r": 0.04307558387517929, "Val rouge2_r": 0.008176904171705246, "Val rougeL_r": 0.04074142873287201, "Val BERT Score": 0.7228726089590847, "_timestamp": 1670904916.8072004, "_runtime": 2266.782907485962, "_step": 100, "_wandb": {"runtime": 2266}}