{"Val loss": 89.26113891601562, "Val LR": 1.6222228577111903e-11, "_timestamp": 1670669999.4209619, "_runtime": 12750.337713956833, "_step": 4000, "Val rouge1_f": 0.16990964114665985, "Val rouge2_f": 0.040781404823064804, "Val rougeL_f": 0.1591586172580719, "Val rouge1_p": 0.23140576481819153, "Val rouge2_p": 0.05618157237768173, "Val rougeL_p": 0.21726374328136444, "Val rouge1_r": 0.1436796933412552, "Val rouge2_r": 0.0344865657389164, "Val rougeL_r": 0.13418260216712952, "_wandb": {"runtime": 12757}}