{"Val loss": 11.794193267822266, "Val rouge1_f": 0.4765117295035902, "Val rouge2_f": 0.0714417476920804, "Val rougeL_f": 0.376218878513065, "Val rouge1_p": 0.48525641025641025, "Val rouge2_p": 0.07060185185185185, "Val rougeL_p": 0.38269230769230766, "Val rouge1_r": 0.4818411980176686, "Val rouge2_r": 0.07625000000000001, "Val rougeL_r": 0.38063456151691444, "_timestamp": 1666720003.1957529, "_runtime": 31.451648950576782, "_step": 0, "_wandb": {"runtime": 51}}