{"Val loss": 167.36744689941406, "Val rouge1_f": 0.32678765058517456, "Val rouge2_f": 0.13377639651298523, "Val rougeL_f": 0.27199840545654297, "Val rouge1_p": 0.35840073227882385, "Val rouge2_p": 0.14822404086589813, "Val rougeL_p": 0.29737260937690735, "Val rouge1_r": 0.3121563494205475, "Val rouge2_r": 0.1273401975631714, "Val rougeL_r": 0.2603784501552582, "Val BERT Score": 0.9055442367449845, "_timestamp": 1671070126.013247, "_runtime": 196.3711929321289, "_step": 100, "_wandb": {"runtime": 196}}