{"loss": 439.8929443359375, "LR": 1.0000000000000052e-05, "_timestamp": 1666719509.024921, "_runtime": 172.38511300086975, "_step": 100, "_wandb": {"runtime": 189}}