{"Val loss": 503.81884765625, "Val rouge1_f": 0.14274568855762482, "Val rouge2_f": 0.017898742109537125, "Val rougeL_f": 0.1170840859413147, "Val rouge1_p": 0.14954228699207306, "Val rouge2_p": 0.016148874536156654, "Val rougeL_p": 0.12279351055622101, "Val rouge1_r": 0.14077961444854736, "Val rouge2_r": 0.020904885604977608, "Val rougeL_r": 0.11536800116300583, "Val BERT Score": 0.7134073630417928, "_timestamp": 1670619367.3154645, "_runtime": 1072.7903056144714, "_step": 100, "_wandb": {"runtime": 1072}}