{"loss": 121.67822265625, "LR": 8.465650182443401e-06, "_timestamp": 1666727355.708519, "_runtime": 7296.80847287178, "_step": 5200}