{"Val loss": 168.68763732910156, "Val rouge1_f": 0.36776602268218994, "Val rouge2_f": 0.1605263650417328, "Val rougeL_f": 0.34194329380989075, "Val rouge1_p": 0.39282652735710144, "Val rouge2_p": 0.17168068885803223, "Val rougeL_p": 0.3652185797691345, "Val rouge1_r": 0.370274156332016, "Val rouge2_r": 0.16563275456428528, "Val rougeL_r": 0.34417763352394104, "Val BERT Score": 0.8760092798436042, "_timestamp": 1670872060.2028747, "_runtime": 467.94806456565857, "_step": 100, "_wandb": {"runtime": 467}}